Age,Max_BPM,Avg_BPM,Resting_BPM,Session_Duration (hours),Calories_Burned,Fat_Percentage,Water_Intake (liters),Workout_Frequency (days/week),Experience_Level,BMI,Gender_Male,Workout_Type_Cardio,Workout_Type_HIIT,Workout_Type_Strength,Workout_Type_Yoga
56,180,157,60,1.69,1313.0,12.6,3.5,4,3,30.2,1,0,0,0,1
46,179,151,66,1.3,883.0,33.9,2.1,4,2,32.0,0,0,1,0,0
32,167,122,54,1.11,677.0,33.4,2.3,4,2,24.71,0,1,0,0,0
25,190,164,56,0.59,532.0,28.8,2.1,3,1,18.41,1,0,0,1,0
38,188,158,68,0.64,556.0,29.2,2.8,3,1,14.39,1,0,0,1,0
56,168,156,74,1.59,1116.0,15.5,2.7,5,3,20.55,0,0,1,0,0
36,174,169,73,1.49,1385.0,21.3,2.3,3,2,23.76,1,1,0,0,0
40,189,141,64,1.27,895.0,30.6,1.9,3,2,30.57,0,1,0,0,0
28,185,127,52,1.03,719.0,28.9,2.6,4,2,32.34,1,0,0,1,0
28,169,136,64,1.08,808.0,29.7,2.7,3,1,30.07,1,1,0,0,0
41,188,146,54,0.82,593.0,20.5,3.0,2,1,43.31,1,0,1,0,0
53,175,152,72,1.15,865.0,23.6,3.5,3,2,17.89,1,0,1,0,0
57,195,165,61,1.24,1013.0,22.1,2.7,3,2,43.4,1,1,0,0,0
41,179,136,69,1.18,794.0,27.6,3.7,3,1,23.62,1,0,1,0,0
20,196,161,54,1.35,1195.0,26.4,3.3,3,2,35.93,1,0,0,0,1
39,181,131,52,1.13,740.0,26.2,2.1,2,1,13.88,0,0,0,1,0
19,166,167,58,1.33,1111.0,29.8,2.3,3,2,27.34,0,0,1,0,0
41,182,165,58,1.19,884.0,31.9,1.6,3,1,13.98,0,1,0,0,0
47,199,146,56,1.13,742.0,32.8,2.5,3,2,21.81,0,0,0,1,0
55,188,167,51,1.37,1030.0,25.2,2.2,2,1,26.96,0,0,1,0,0
19,175,127,72,1.5,1048.0,28.9,3.7,4,2,28.41,1,0,0,1,0
38,197,142,72,1.12,875.0,25.7,3.1,2,1,22.95,1,1,0,0,0
50,187,161,70,1.17,848.0,33.1,2.5,2,1,25.16,0,0,0,0,1
29,197,168,65,0.78,721.0,28.1,3.4,2,1,38.16,1,0,0,0,1
39,190,148,58,1.25,925.0,26.9,1.9,4,2,22.51,0,0,1,0,0
42,173,169,62,1.42,1080.0,26.1,1.8,3,2,21.78,0,0,0,0,1
44,192,139,68,0.73,502.0,27.2,2.7,2,1,20.12,1,0,1,0,0
59,168,135,69,1.48,989.0,21.6,2.8,4,2,17.6,1,0,0,1,0
45,186,136,66,1.64,1104.0,14.2,3.5,5,3,24.54,1,0,1,0,0
33,183,135,55,1.29,871.0,32.3,1.8,3,2,27.64,0,0,1,0,0
32,172,138,53,1.27,964.0,28.4,3.5,3,1,33.4,1,0,1,0,0
20,185,127,50,1.03,654.0,28.0,2.2,4,2,28.31,0,0,0,0,1
54,188,157,67,1.48,1046.0,28.2,2.7,2,1,19.37,0,0,1,0,0
24,187,157,68,1.04,816.0,31.7,2.5,2,1,25.83,0,1,0,0,0
38,187,148,58,1.52,1237.0,10.2,3.5,5,3,27.84,1,0,1,0,0
26,167,160,62,1.32,1162.0,27.3,2.9,3,1,42.63,1,0,0,1,0
56,182,155,57,1.26,879.0,33.4,2.6,4,2,24.37,0,1,0,0,0
35,188,145,72,1.34,1069.0,24.2,2.9,3,2,33.14,1,0,0,1,0
21,164,150,62,1.3,1072.0,27.6,3.5,4,2,19.11,1,0,0,1,0
42,166,163,64,1.31,1057.0,21.7,2.6,3,2,17.77,1,0,0,1,0
31,195,131,60,1.48,969.0,28.2,2.0,2,1,21.4,0,1,0,0,0
26,186,136,61,1.08,734.0,34.7,2.0,3,1,17.3,0,1,0,0,0
43,161,134,63,1.45,962.0,29.9,2.9,4,2,33.8,1,0,0,0,1
19,184,128,53,1.14,730.0,30.1,2.2,2,1,23.93,0,1,0,0,0
37,168,158,50,1.5,1304.0,29.3,2.8,2,1,40.1,1,0,1,0,0
45,186,161,73,1.2,956.0,25.2,2.5,3,1,15.31,1,0,0,1,0
24,160,167,53,0.84,772.0,22.9,3.6,3,1,18.07,1,0,0,0,1
25,182,131,68,1.41,1016.0,22.7,3.0,2,1,23.17,1,1,0,0,0
52,169,151,58,1.23,836.0,34.3,2.0,3,1,20.42,0,0,0,1,0
31,184,144,59,1.03,742.0,26.7,2.3,4,2,33.61,0,1,0,0,0
34,162,158,53,1.42,1122.0,30.8,2.4,3,2,19.43,0,0,0,0,1
53,165,137,69,1.67,1133.0,12.8,3.5,5,3,27.18,1,1,0,0,0
57,165,134,58,1.13,750.0,27.4,3.6,3,1,34.18,1,1,0,0,0
21,161,151,62,1.26,1046.0,25.0,2.8,3,1,32.69,1,0,0,1,0
19,177,125,61,0.81,506.0,27.7,1.6,3,1,22.78,0,0,1,0,0
23,182,163,60,1.47,1318.0,21.7,2.7,4,2,44.84,1,1,0,0,0
59,161,162,61,1.4,1021.0,31.2,2.1,3,2,28.35,0,0,0,0,1
21,171,154,67,1.08,832.0,32.2,2.6,3,1,21.77,0,1,0,0,0
46,181,153,61,1.67,1150.0,17.8,2.7,4,3,20.86,0,1,0,0,0
35,196,157,65,0.56,440.0,32.4,2.0,2,1,16.99,0,0,1,0,0
43,179,124,54,1.04,580.0,26.4,2.6,3,2,22.45,0,0,0,1,0
51,198,137,69,1.08,666.0,33.8,2.1,4,2,16.86,0,0,0,0,1
27,183,135,74,1.75,1299.0,12.9,3.5,5,3,32.93,1,0,0,1,0
53,179,127,61,1.23,773.0,21.3,3.7,3,2,17.11,1,0,0,1,0
31,160,144,70,1.97,1418.0,17.3,2.7,5,3,22.28,0,0,0,1,0
48,160,151,74,0.62,421.0,33.4,1.5,2,1,25.89,0,1,0,0,0
32,176,145,60,1.99,1587.0,14.5,3.5,5,3,33.55,1,0,1,0,0
25,160,141,58,0.89,627.0,27.6,2.6,3,1,20.88,0,1,0,0,0
31,189,150,67,1.81,1358.0,18.6,2.7,4,3,19.72,0,0,0,0,1
40,162,162,74,1.32,1176.0,21.0,3.6,4,2,39.12,1,0,1,0,0
57,170,129,52,1.73,1004.0,15.2,2.7,5,3,27.7,0,0,0,1,0
38,183,131,69,1.47,963.0,30.6,2.7,3,2,25.89,0,0,1,0,0
33,181,147,66,1.07,786.0,31.9,1.5,4,2,15.24,0,0,0,0,1
35,185,125,63,1.08,743.0,28.0,2.3,3,2,21.88,1,1,0,0,0
41,172,139,50,1.13,777.0,23.4,3.1,4,2,35.86,1,1,0,0,0
43,160,124,66,1.08,663.0,20.1,2.0,3,1,16.76,1,0,0,1,0
42,183,142,74,1.37,875.0,29.8,1.6,3,1,18.15,0,1,0,0,0
58,169,128,57,0.63,363.0,25.2,1.8,2,1,21.58,0,1,0,0,0
46,194,148,54,1.18,864.0,20.9,2.9,2,1,33.16,1,0,0,0,1
32,183,135,54,1.87,1262.0,16.6,2.7,5,3,24.72,0,0,1,0,0
18,187,165,58,1.2,990.0,29.4,2.2,2,1,17.27,0,1,0,0,0
42,195,141,52,1.78,1129.0,16.4,2.7,5,3,19.65,0,0,0,0,1
24,175,127,68,0.86,546.0,30.8,1.5,3,1,23.53,0,0,0,0,1
26,199,139,72,1.08,751.0,25.6,1.7,2,1,28.87,0,0,0,1,0
41,175,133,58,1.13,744.0,21.4,2.8,3,2,21.53,1,0,0,0,1
18,176,158,71,1.27,1003.0,32.0,2.2,4,2,19.42,0,0,0,1,0
25,174,156,67,1.34,1150.0,21.4,2.3,3,2,29.71,1,1,0,0,0
41,175,169,65,1.45,1103.0,31.4,2.0,4,2,22.89,0,0,0,1,0
28,174,153,50,1.09,917.0,20.5,3.5,4,2,29.61,1,0,0,0,1
34,193,130,51,0.64,416.0,29.1,2.7,2,1,29.53,0,0,1,0,0
25,170,159,63,1.93,1688.0,10.9,3.5,4,3,31.44,1,0,1,0,0
52,160,152,63,1.8,1231.0,15.5,2.7,4,3,21.53,0,1,0,0,0
52,174,150,50,1.26,936.0,25.7,3.7,3,2,27.85,1,1,0,0,0
50,185,163,74,1.26,924.0,34.3,2.6,3,1,22.31,0,0,1,0,0
22,163,153,65,1.25,1052.0,20.5,2.7,3,2,30.3,1,0,0,1,0
59,164,169,64,0.58,441.0,29.2,2.3,3,1,22.15,0,1,0,0,0
56,194,126,64,1.29,805.0,27.1,2.7,2,1,40.71,1,0,0,0,1
58,172,168,61,1.33,1106.0,24.6,3.1,3,1,37.56,1,1,0,0,0
45,169,142,65,1.15,735.0,33.1,1.9,4,2,26.05,0,0,0,1,0
24,170,165,63,1.97,1625.0,15.9,2.7,4,3,18.76,0,1,0,0,0
26,177,126,73,1.16,804.0,29.6,3.0,3,2,29.61,1,0,0,0,1
25,193,144,64,1.49,1073.0,28.9,2.1,4,2,15.7,0,0,0,0,1
29,198,122,72,1.2,805.0,23.4,2.0,3,2,22.61,1,0,0,0,1
51,182,157,64,0.54,420.0,28.7,3.3,3,1,34.5,1,0,0,1,0
50,166,139,68,0.97,667.0,25.6,2.0,3,1,18.12,1,0,0,1,0
40,198,153,57,1.79,1369.0,17.6,2.7,5,3,17.54,0,0,0,0,1
41,162,168,51,0.51,424.0,27.3,2.5,2,1,18.66,1,0,0,0,1
54,171,163,51,1.74,1404.0,12.9,3.5,5,3,23.09,1,0,0,1,0
52,166,163,59,1.39,1020.0,26.6,1.5,3,2,31.41,0,0,0,1,0
57,185,149,52,1.01,677.0,31.7,2.0,4,2,29.87,0,0,0,1,0
39,192,136,72,1.44,979.0,26.3,1.6,3,2,21.64,0,0,1,0,0
44,196,129,66,1.41,819.0,33.1,2.6,4,2,25.68,0,0,0,1,0
52,174,154,57,1.78,1357.0,14.9,3.5,4,3,25.81,1,0,0,0,1
18,161,139,72,1.72,1315.0,11.9,3.5,4,3,23.52,1,0,1,0,0
52,166,137,53,1.01,685.0,24.4,2.7,4,2,27.85,1,0,0,1,0
54,191,164,63,0.55,446.0,20.5,2.8,3,1,23.74,1,0,0,0,1
31,163,163,70,1.09,888.0,25.1,1.9,3,2,16.52,0,1,0,0,0
20,179,146,59,1.69,1357.0,14.6,3.5,5,3,20.88,1,0,1,0,0
18,195,168,50,1.41,1303.0,21.3,3.1,2,1,30.52,1,0,0,0,1
22,191,155,53,1.02,790.0,29.5,2.4,4,2,26.65,0,1,0,0,0
43,187,142,50,1.22,858.0,28.2,3.1,4,2,24.16,1,0,0,0,1
31,172,151,66,1.29,1071.0,28.9,3.3,3,2,27.96,1,0,0,1,0
56,160,129,66,1.0,639.0,25.2,3.5,2,1,34.06,1,0,0,1,0
44,194,130,56,1.28,824.0,25.7,3.5,4,2,29.26,1,1,0,0,0
26,189,157,72,1.97,1701.0,13.3,3.5,5,3,30.54,1,0,0,1,0
32,195,125,69,1.28,880.0,29.6,3.1,3,1,29.95,1,0,0,0,1
32,184,160,64,0.51,408.0,31.0,1.8,2,1,21.41,0,1,0,0,0
43,175,166,62,1.98,1479.0,17.8,2.7,4,3,17.88,0,0,0,0,1
59,178,153,51,0.66,500.0,20.1,3.1,3,1,34.24,1,0,0,0,1
30,160,155,68,1.61,1373.0,10.4,3.5,5,3,22.43,1,0,0,0,1
49,164,156,73,1.24,870.0,30.8,2.1,3,2,14.93,0,0,0,1,0
56,181,136,62,0.68,458.0,29.4,3.2,3,1,15.08,1,0,0,1,0
49,183,159,73,1.91,1503.0,14.3,3.5,5,3,21.78,1,0,0,0,1
21,196,159,60,1.38,1207.0,29.8,3.4,3,2,45.43,1,0,1,0,0
47,195,131,71,1.42,837.0,30.3,2.4,4,2,18.26,0,0,0,0,1
54,195,140,64,1.17,811.0,27.9,3.4,2,1,22.64,1,0,0,0,1
40,163,159,59,1.31,1041.0,33.4,1.6,3,2,24.5,0,1,0,0,0
56,195,138,58,0.66,451.0,26.5,2.1,2,1,24.55,1,0,0,0,1
32,177,122,58,1.24,756.0,28.4,1.8,2,1,26.86,0,0,0,1,0
46,175,137,69,1.69,1042.0,17.3,2.7,4,3,22.08,0,1,0,0,0
53,177,138,50,0.89,608.0,28.6,3.5,3,1,24.75,1,0,1,0,0
30,181,166,66,1.26,1046.0,28.0,2.5,4,2,30.18,0,1,0,0,0
49,161,125,61,1.38,854.0,29.2,3.2,2,1,31.61,1,0,1,0,0
24,180,135,59,1.42,958.0,27.3,2.3,4,2,19.63,0,1,0,0,0
39,195,127,54,0.97,678.0,27.5,3.2,3,1,23.05,1,1,0,0,0
45,198,167,67,1.53,1265.0,13.2,3.5,4,3,27.93,1,0,1,0,0
19,198,137,64,1.28,877.0,32.5,2.6,3,2,23.59,0,0,0,1,0
59,188,167,55,1.07,885.0,24.4,3.4,3,1,13.23,1,0,0,1,0
23,185,162,56,0.7,624.0,29.3,3.1,3,1,25.65,1,0,0,1,0
45,180,158,66,1.46,1038.0,31.3,2.3,3,1,20.55,0,1,0,0,0
45,176,168,55,1.46,1214.0,22.9,2.4,3,2,14.54,1,0,0,0,1
37,175,168,57,0.54,499.0,26.4,3.1,2,1,28.97,1,1,0,0,0
47,190,131,61,1.95,1150.0,16.4,2.7,4,3,26.1,0,0,0,0,1
28,168,164,70,1.32,1082.0,27.9,2.0,3,2,20.06,0,0,0,0,1
45,190,129,63,0.83,530.0,24.0,2.3,2,1,38.78,1,0,0,1,0
42,173,126,61,1.42,886.0,28.5,3.4,4,2,16.04,1,0,0,0,1
56,196,165,72,1.23,913.0,30.0,2.1,4,2,12.47,0,1,0,0,0
50,161,120,59,0.67,362.0,31.8,2.7,3,1,21.91,0,1,0,0,0
18,173,168,71,1.3,1201.0,23.9,2.5,2,1,27.01,1,0,0,1,0
44,192,155,69,1.02,711.0,27.6,2.1,3,1,22.69,0,0,1,0,0
30,194,140,64,1.08,832.0,29.5,2.8,3,2,39.16,1,1,0,0,0
58,198,156,56,1.49,1151.0,26.0,2.2,3,2,29.88,1,0,0,0,1
20,179,143,58,1.36,1070.0,29.3,2.7,3,2,27.69,1,1,0,0,0
56,161,144,59,1.57,1119.0,11.0,3.5,4,3,25.86,1,1,0,0,0
23,178,126,59,1.55,1074.0,10.7,3.5,4,3,24.97,1,1,0,0,0
25,196,161,65,1.04,837.0,33.6,1.8,4,2,16.42,0,0,1,0,0
44,177,136,56,1.58,967.0,18.4,2.7,5,3,25.58,0,0,0,0,1
26,175,148,54,1.14,844.0,26.9,1.7,3,1,23.07,0,0,0,1,0
54,163,149,72,1.27,852.0,27.7,1.8,2,1,22.82,0,1,0,0,0
50,171,126,52,0.92,574.0,28.0,2.4,2,1,13.03,1,0,0,0,1
59,188,152,67,1.08,813.0,24.5,3.2,3,1,30.22,1,0,0,0,1
41,166,126,60,1.09,680.0,26.7,2.1,4,2,15.9,1,0,0,1,0
32,173,143,64,1.52,1195.0,11.6,3.5,5,3,24.87,1,1,0,0,0
49,171,130,70,1.1,644.0,28.8,2.2,3,1,18.18,0,0,1,0,0
49,194,128,69,1.46,925.0,29.9,3.3,3,1,26.77,1,0,0,0,1
41,164,131,54,1.2,778.0,22.5,2.8,3,2,22.16,1,0,0,1,0
58,176,154,73,1.58,1095.0,17.5,2.7,4,3,19.88,0,0,1,0,0
29,191,123,61,0.68,418.0,33.4,2.6,3,1,17.94,0,0,0,0,1
56,169,155,53,1.1,767.0,27.4,2.3,3,2,19.67,0,1,0,0,0
19,176,147,64,1.05,772.0,29.2,2.4,3,1,17.16,0,0,0,0,1
20,164,132,58,0.83,603.0,26.2,2.3,3,1,37.87,1,0,1,0,0
54,168,142,56,1.54,1082.0,12.4,3.5,5,3,24.16,1,0,1,0,0
34,192,138,59,1.81,1249.0,17.3,2.7,5,3,17.94,0,1,0,0,0
19,195,161,72,1.28,1133.0,23.6,3.3,2,1,27.71,1,1,0,0,0
19,195,156,62,1.66,1424.0,12.9,3.5,4,3,25.1,1,0,0,1,0
45,177,158,57,1.44,1126.0,26.2,3.4,4,2,14.61,1,1,0,0,0
40,168,143,61,1.87,1337.0,18.3,2.7,5,3,19.63,0,0,0,1,0
54,188,135,71,1.2,802.0,20.7,2.6,4,2,31.17,1,0,1,0,0
49,173,152,73,1.37,937.0,31.3,1.8,3,2,22.54,0,0,1,0,0
50,184,131,68,1.09,707.0,29.5,2.7,4,2,15.65,1,0,0,0,1
18,174,153,50,1.1,926.0,25.4,3.3,4,2,21.02,1,0,0,0,1
36,165,126,65,1.23,852.0,27.2,2.7,3,1,25.42,1,0,0,1,0
19,188,130,71,1.23,800.0,30.6,2.4,3,1,28.22,0,1,0,0,0
43,174,150,66,1.33,988.0,28.5,2.2,2,1,36.29,1,1,0,0,0
49,188,148,74,1.03,686.0,34.3,2.5,3,2,14.69,0,0,0,0,1
23,163,132,67,0.56,370.0,26.8,1.8,3,1,16.78,0,0,1,0,0
49,177,150,60,1.45,979.0,29.4,1.8,4,2,29.56,0,0,0,1,0
21,198,121,67,1.71,1138.0,12.0,3.5,4,3,34.53,1,0,1,0,0
28,175,158,56,1.18,1025.0,24.1,3.0,3,1,18.28,1,0,1,0,0
34,170,134,67,1.26,929.0,21.3,2.1,4,2,26.73,1,1,0,0,0
55,173,130,57,1.03,663.0,28.1,2.0,4,2,25.85,1,0,0,1,0
41,162,153,55,1.84,1267.0,15.2,2.7,5,3,25.08,0,0,1,0,0
22,197,158,56,1.49,1177.0,30.3,1.8,3,1,22.85,0,0,0,0,1
51,177,123,72,1.08,598.0,31.6,2.1,4,2,18.32,0,0,0,0,1
23,179,130,71,1.79,1280.0,11.0,3.5,4,3,21.16,1,1,0,0,0
39,184,148,59,1.95,1443.0,19.5,2.7,5,3,19.12,0,0,0,0,1
28,197,121,60,1.2,799.0,28.4,3.5,3,2,28.09,1,0,0,0,1
33,172,135,74,1.18,796.0,29.7,2.5,4,2,22.33,0,0,1,0,0
50,163,158,62,1.37,1071.0,24.1,2.8,4,2,16.28,1,0,0,0,1
26,173,132,58,1.71,1241.0,11.2,3.5,4,3,24.91,1,0,0,0,1
23,192,156,56,1.47,1147.0,32.3,1.5,4,2,26.26,0,0,1,0,0
33,187,136,58,1.08,734.0,26.3,2.1,3,1,26.67,0,1,0,0,0
46,196,140,62,1.83,1153.0,18.4,2.7,4,3,24.78,0,1,0,0,0
20,167,163,52,1.28,1043.0,33.4,2.3,3,2,24.96,0,0,0,1,0
37,193,138,52,1.11,842.0,22.3,2.6,3,2,16.22,1,0,0,0,1
53,164,126,50,1.24,703.0,33.7,1.6,3,1,28.76,0,0,1,0,0
36,164,157,70,1.13,887.0,25.3,1.8,4,2,21.3,0,0,0,1,0
43,190,127,69,1.28,732.0,34.1,2.4,2,1,18.67,0,1,0,0,0
20,168,132,51,1.35,980.0,21.2,2.6,4,2,29.11,1,1,0,0,0
36,191,156,74,1.19,1021.0,26.5,3.4,2,1,35.18,1,0,1,0,0
37,192,121,52,1.21,732.0,27.5,1.9,3,2,23.53,0,0,0,1,0
49,162,160,64,1.87,1481.0,14.2,3.5,4,3,23.73,1,0,0,1,0
24,189,130,73,0.63,410.0,30.1,1.7,3,1,19.01,0,0,1,0,0
58,171,143,55,1.57,1111.0,10.7,3.5,4,3,23.51,1,0,1,0,0
50,188,125,62,1.46,903.0,25.7,2.7,3,2,32.69,1,0,0,1,0
57,162,145,70,1.8,1292.0,12.0,3.5,5,3,23.53,1,1,0,0,0
56,185,126,50,1.09,680.0,26.6,2.8,3,2,36.02,1,0,0,0,1
35,189,158,69,1.0,790.0,33.8,1.5,4,2,25.07,0,1,0,0,0
57,168,138,68,1.45,900.0,29.1,1.6,4,2,28.15,0,0,1,0,0
18,185,125,50,1.87,1169.0,16.4,2.7,4,3,25.28,0,0,0,1,0
28,161,162,70,1.16,1034.0,20.1,2.3,3,2,29.07,1,0,0,1,0
45,162,148,71,1.44,959.0,30.7,1.6,3,1,16.35,0,0,0,0,1
42,163,162,51,1.29,940.0,29.0,1.9,3,2,16.56,0,0,0,1,0
40,184,158,64,1.55,1224.0,16.9,2.7,4,3,21.26,0,0,0,0,1
48,172,121,63,1.36,815.0,21.8,3.6,4,2,28.43,1,1,0,0,0
47,198,138,68,1.2,820.0,24.3,2.9,4,2,17.75,1,1,0,0,0
59,194,123,60,1.13,688.0,29.8,3.1,3,2,28.05,1,0,0,1,0
52,182,125,64,1.6,900.0,16.5,2.7,4,3,21.36,0,0,0,1,0
24,168,168,55,0.99,832.0,31.0,1.9,2,1,15.02,0,0,1,0,0
33,161,156,69,1.29,1006.0,32.8,1.9,4,2,28.49,0,0,1,0,0
43,190,147,58,0.82,597.0,27.5,2.0,2,1,34.68,1,0,0,1,0
19,161,149,54,1.31,1074.0,23.3,2.9,2,1,30.37,1,0,0,1,0
18,191,126,69,1.11,699.0,31.1,2.1,2,1,19.01,0,1,0,0,0
29,177,128,51,1.41,993.0,28.7,2.3,3,1,21.49,1,0,0,1,0
22,172,144,55,1.16,919.0,20.2,3.3,3,2,29.98,1,0,1,0,0
54,164,152,67,0.77,579.0,24.4,2.8,2,1,18.88,1,1,0,0,0
49,169,120,72,1.4,832.0,22.2,2.6,4,2,15.72,1,0,0,0,1
26,184,125,68,0.81,506.0,28.9,1.7,3,1,25.73,0,0,1,0,0
58,193,137,58,1.09,739.0,24.2,2.9,2,1,24.36,1,0,1,0,0
52,196,129,70,0.93,594.0,27.5,3.3,2,1,15.24,1,1,0,0,0
36,189,147,73,1.33,1075.0,20.9,2.5,3,1,25.23,1,0,0,0,1
33,166,130,55,1.04,744.0,25.1,2.4,3,2,45.14,1,0,1,0,0
20,165,152,63,1.39,1056.0,30.6,2.1,4,2,25.36,0,0,0,1,0
37,162,120,73,1.11,666.0,29.9,1.7,3,2,26.47,0,0,1,0,0
41,172,132,62,1.01,660.0,27.3,3.1,4,2,26.64,1,1,0,0,0
50,162,156,60,1.31,1012.0,23.8,3.0,2,1,17.72,1,1,0,0,0
41,185,139,61,1.69,1163.0,14.7,3.5,4,3,25.75,1,1,0,0,0
28,183,120,68,1.33,878.0,24.8,2.1,4,2,33.86,1,0,1,0,0
25,165,122,68,1.15,772.0,25.7,2.1,3,2,12.73,1,0,0,0,1
53,171,137,70,0.52,353.0,28.3,3.1,2,1,34.29,1,0,0,1,0
55,195,160,68,1.06,763.0,27.8,1.9,2,1,28.92,0,1,0,0,0
57,161,133,73,0.96,632.0,20.8,2.1,2,1,47.72,1,0,0,0,1
37,170,150,62,1.31,982.0,32.1,2.4,3,1,22.15,0,0,0,1,0
52,198,146,63,1.34,880.0,29.8,1.9,3,2,20.16,0,1,0,0,0
42,193,136,73,1.01,680.0,29.0,2.8,3,2,26.84,1,0,0,1,0
52,185,165,67,1.36,1010.0,34.8,1.8,3,2,26.61,0,0,0,1,0
42,177,148,61,1.07,713.0,29.0,2.3,3,2,25.35,0,0,0,0,1
46,180,155,53,1.52,1060.0,17.1,2.7,4,3,20.38,0,0,0,1,0
35,195,156,59,1.03,803.0,29.1,1.9,4,2,19.69,0,1,0,0,0
35,199,145,66,1.63,1182.0,16.6,2.7,5,3,25.39,0,0,0,0,1
19,181,136,53,1.4,952.0,32.8,2.7,2,1,18.77,0,0,1,0,0
52,189,141,61,1.36,949.0,27.6,3.2,3,1,40.09,1,0,1,0,0
33,189,144,62,0.92,662.0,29.8,1.7,3,1,20.4,0,0,0,0,1
58,167,121,53,1.12,610.0,25.4,2.0,3,2,24.54,0,0,1,0,0
53,193,141,59,1.52,964.0,16.5,2.7,5,3,17.57,0,0,0,1,0
50,168,124,74,0.81,497.0,22.9,2.7,2,1,31.14,1,1,0,0,0
21,179,123,52,1.97,1212.0,19.1,2.7,5,3,20.76,0,0,0,1,0
50,199,155,64,1.48,1136.0,20.9,2.9,2,1,17.61,1,0,0,0,1
31,184,125,51,1.54,962.0,19.0,2.7,4,3,23.46,0,1,0,0,0
38,178,140,74,0.8,616.0,26.7,3.4,2,1,29.21,1,0,0,0,1
37,164,132,74,1.39,1009.0,27.3,3.0,2,1,17.46,1,0,0,0,1
25,170,156,66,1.35,1053.0,29.3,1.6,3,2,23.75,0,0,0,0,1
24,174,144,55,0.83,598.0,31.8,2.3,3,1,13.71,0,0,0,1,0
20,167,145,57,0.63,502.0,26.1,2.0,2,1,34.83,1,1,0,0,0
34,178,158,52,1.47,1161.0,32.7,2.4,3,1,30.1,0,1,0,0,0
50,182,139,74,1.79,1232.0,12.2,3.5,5,3,31.75,1,1,0,0,0
29,186,152,67,1.36,1137.0,24.7,3.1,4,2,31.48,1,0,0,1,0
39,199,133,71,0.81,593.0,26.4,2.5,2,1,26.64,1,0,1,0,0
39,191,155,50,1.1,938.0,21.1,2.5,4,2,32.32,1,0,0,1,0
47,185,136,65,1.37,922.0,24.4,3.4,4,2,24.25,1,0,0,1,0
55,186,140,56,0.9,567.0,34.7,2.4,2,1,15.02,0,0,0,0,1
55,178,165,52,1.13,923.0,20.4,2.6,4,2,45.49,1,1,0,0,0
25,188,135,72,1.42,1054.0,23.2,2.5,2,1,29.26,1,1,0,0,0
44,198,165,53,1.41,1047.0,28.1,2.2,3,1,24.25,0,0,1,0,0
44,192,135,58,1.4,936.0,26.3,2.0,4,2,22.55,1,0,1,0,0
51,178,139,54,1.4,876.0,26.1,1.6,3,1,29.26,0,0,0,0,1
38,196,148,68,1.07,792.0,31.3,1.7,3,2,19.98,0,1,0,0,0
47,178,147,64,1.48,979.0,26.0,1.7,3,2,17.47,0,0,1,0,0
50,192,127,57,0.53,333.0,20.9,2.9,2,1,36.47,1,0,1,0,0
45,175,143,55,1.03,729.0,27.3,3.7,3,2,25.49,1,1,0,0,0
50,182,122,67,0.77,465.0,23.2,3.1,2,1,34.14,1,0,0,1,0
22,166,144,68,1.62,1166.0,19.9,2.7,4,3,21.26,0,0,1,0,0
36,185,138,73,1.3,987.0,20.4,2.1,4,2,43.31,1,1,0,0,0
21,191,152,64,1.94,1474.0,17.2,2.7,4,3,24.87,0,0,1,0,0
52,171,121,56,1.46,874.0,21.1,2.9,3,2,19.21,1,0,0,0,1
34,167,134,59,1.36,911.0,28.5,2.1,2,1,29.56,0,0,1,0,0
45,164,141,55,1.14,796.0,30.0,2.2,4,2,31.4,1,1,0,0,0
47,187,129,63,1.85,1181.0,14.4,3.5,5,3,24.51,1,0,1,0,0
46,164,137,66,1.43,970.0,20.5,3.6,3,2,18.62,1,0,0,0,1
23,185,141,58,1.67,1177.0,17.8,2.7,5,3,18.62,0,0,0,0,1
52,164,165,68,1.83,1359.0,18.2,2.7,4,3,28.46,0,0,1,0,0
58,181,168,54,1.01,840.0,22.1,2.7,2,1,35.82,1,0,1,0,0
54,174,146,72,0.81,585.0,21.5,3.7,2,1,21.72,1,0,0,0,1
41,172,132,56,1.4,832.0,34.0,2.0,4,2,23.94,0,0,0,0,1
46,187,152,68,1.0,684.0,34.7,2.2,4,2,24.34,0,0,0,1,0
48,192,124,69,1.98,1105.0,20.0,2.7,4,3,25.2,0,0,0,1,0
52,182,145,56,1.84,1321.0,13.9,3.5,4,3,28.27,1,0,0,0,1
50,192,132,73,1.25,742.0,31.6,1.6,2,1,26.9,0,0,1,0,0
38,177,146,51,1.37,1100.0,23.5,2.8,3,1,15.8,1,1,0,0,0
49,189,133,74,1.16,694.0,26.7,1.8,4,2,16.2,0,0,1,0,0
40,185,143,72,1.3,1022.0,20.8,3.4,2,1,24.31,1,0,1,0,0
50,175,122,65,1.85,1016.0,18.5,2.7,4,3,23.06,0,0,0,1,0
20,172,166,62,1.04,863.0,32.8,2.4,3,2,29.92,0,0,0,1,0
35,198,168,57,1.13,949.0,33.3,2.5,4,2,27.97,0,0,0,1,0
42,192,149,55,1.14,764.0,34.1,2.4,2,1,20.62,0,0,0,0,1
59,185,154,55,1.03,714.0,33.8,2.5,3,2,20.28,0,0,0,0,1
48,160,167,58,1.48,1223.0,30.0,2.3,3,2,22.79,1,0,1,0,0
20,197,133,53,1.42,944.0,27.4,2.0,4,2,23.92,0,0,1,0,0
57,161,131,60,0.69,407.0,32.6,2.3,3,1,28.49,0,1,0,0,0
41,165,147,54,1.42,939.0,30.9,2.3,3,2,26.47,0,0,1,0,0
49,197,163,74,1.82,1468.0,11.3,3.5,4,3,30.12,1,0,1,0,0
39,183,148,66,1.22,903.0,34.8,2.4,2,1,26.13,0,0,0,1,0
40,177,162,69,0.81,722.0,29.0,2.4,2,1,19.45,1,0,0,1,0
19,186,136,56,0.96,653.0,26.3,1.6,2,1,20.91,0,0,0,1,0
44,167,159,64,1.49,1066.0,25.3,2.6,3,2,13.51,0,0,0,1,0
59,187,168,74,1.35,1123.0,26.9,3.0,3,2,28.44,1,0,0,1,0
19,169,140,64,1.2,840.0,31.0,1.7,4,2,23.64,0,1,0,0,0
43,176,142,63,1.17,822.0,29.4,3.3,3,1,20.71,1,1,0,0,0
34,188,139,62,1.42,1086.0,22.3,3.6,2,1,31.94,1,1,0,0,0
57,165,130,60,1.44,842.0,25.8,1.7,3,2,14.88,0,0,0,1,0
50,173,153,62,1.07,810.0,22.6,3.4,4,2,31.05,1,0,0,0,1
26,181,129,71,1.7,1096.0,15.1,2.7,5,3,26.01,0,0,0,1,0
56,165,129,73,0.83,482.0,25.4,2.6,3,1,15.07,0,0,0,1,0
46,185,162,58,1.48,1187.0,29.1,3.6,3,2,14.36,1,1,0,0,0
59,198,125,59,1.43,885.0,23.5,3.6,3,2,34.06,1,0,0,1,0
43,171,155,53,1.14,875.0,24.1,2.9,3,2,44.71,1,1,0,0,0
52,194,143,66,1.31,927.0,20.2,2.6,3,2,23.97,1,0,0,1,0
42,173,131,63,1.15,678.0,27.7,1.5,3,2,21.87,0,0,1,0,0
41,181,162,73,1.99,1451.0,19.0,2.7,5,3,19.44,0,0,0,0,1
30,182,142,67,0.64,500.0,26.2,2.1,2,1,18.33,1,0,0,0,1
24,166,146,60,1.41,1029.0,32.5,2.0,3,1,22.76,0,1,0,0,0
53,199,164,65,1.49,1100.0,29.5,2.0,3,2,22.51,0,0,1,0,0
37,184,156,50,1.13,881.0,28.1,1.7,4,2,18.13,0,0,0,0,1
18,172,125,56,0.84,525.0,29.8,2.0,3,1,30.26,0,1,0,0,0
25,180,120,59,0.67,442.0,23.2,2.3,3,1,19.91,1,0,0,1,0
33,169,125,58,1.38,949.0,28.4,3.4,2,1,28.69,1,0,0,1,0
31,168,169,74,1.56,1318.0,16.5,2.7,4,3,23.81,0,0,1,0,0
29,174,141,52,0.64,496.0,26.6,2.5,2,1,27.52,1,0,0,0,1
40,161,160,71,0.9,792.0,21.4,3.0,3,1,15.61,1,0,0,1,0
32,184,143,72,0.57,448.0,26.9,2.9,3,1,37.76,1,1,0,0,0
45,172,144,63,1.37,888.0,34.1,1.6,3,1,25.23,0,0,0,1,0
51,193,134,74,0.92,555.0,31.1,2.6,3,1,34.25,0,0,0,1,0
19,193,145,64,1.21,877.0,30.6,2.1,3,2,17.93,0,0,0,0,1
49,194,127,51,0.7,440.0,29.6,2.6,3,1,19.65,1,0,0,0,1
40,197,143,73,1.93,1380.0,18.1,2.7,5,3,26.74,0,1,0,0,0
39,162,167,63,0.92,768.0,27.6,1.7,3,1,22.26,0,0,1,0,0
42,165,157,65,1.14,886.0,22.9,2.6,3,2,19.69,1,0,1,0,0
39,178,125,56,1.88,1175.0,18.5,2.7,4,3,21.65,0,0,0,1,0
39,162,154,53,1.33,1024.0,32.4,1.5,3,2,25.51,0,1,0,0,0
59,177,161,67,1.3,1036.0,23.0,2.6,4,2,34.89,1,0,1,0,0
23,198,120,73,1.35,891.0,23.5,2.9,2,1,28.43,1,0,1,0,0
32,168,165,54,1.42,1289.0,29.9,3.5,2,1,18.53,1,0,0,1,0
54,171,155,55,1.19,830.0,26.0,2.3,4,2,18.67,0,1,0,0,0
50,164,131,56,1.6,943.0,17.0,2.7,4,3,18.23,0,0,1,0,0
25,162,157,64,1.43,1123.0,25.6,1.6,3,2,25.41,0,0,0,0,1
22,170,130,50,1.0,715.0,28.2,2.3,4,2,32.24,1,0,0,0,1
56,189,131,73,1.26,817.0,20.9,2.7,4,2,38.73,1,0,0,1,0
21,163,161,53,1.37,1103.0,31.7,1.7,4,2,22.98,0,0,0,1,0
23,164,169,74,1.25,1056.0,25.6,1.5,2,1,24.13,0,0,0,1,0
49,160,158,50,1.03,806.0,26.7,3.4,3,2,29.98,1,0,0,1,0
47,186,126,60,1.86,1160.0,14.2,3.5,5,3,34.53,1,0,1,0,0
52,187,130,67,0.93,598.0,24.0,2.0,2,1,26.46,1,1,0,0,0
57,188,155,63,1.15,882.0,25.2,3.4,4,2,28.78,1,0,0,1,0
33,177,150,71,0.85,638.0,29.0,1.7,2,1,22.27,0,0,0,1,0
30,171,152,60,1.37,1145.0,23.0,3.7,3,2,23.08,1,0,1,0,0
59,172,132,59,1.22,725.0,33.0,2.2,2,1,15.46,0,0,0,1,0
47,161,137,66,1.37,845.0,27.7,2.4,3,2,22.18,0,0,0,1,0
36,196,160,53,1.5,1200.0,32.2,1.6,4,2,15.59,0,1,0,0,0
34,175,143,73,0.73,574.0,22.1,3.5,3,1,29.7,1,0,0,0,1
36,183,128,64,1.09,767.0,22.5,3.4,4,2,14.78,1,0,0,1,0
45,194,150,65,1.31,973.0,23.4,3.1,4,2,19.74,1,0,1,0,0
43,181,160,70,1.9,1505.0,12.9,3.5,5,3,21.8,1,1,0,0,0
54,195,129,62,1.24,720.0,29.5,2.1,2,1,22.1,0,0,1,0,0
43,170,121,58,1.18,707.0,27.5,3.2,2,1,19.37,1,1,0,0,0
40,188,157,60,1.38,1192.0,22.1,2.0,3,1,25.13,1,1,0,0,0
26,194,134,60,1.93,1293.0,15.1,2.7,5,3,28.49,0,0,0,1,0
29,174,122,55,1.52,1020.0,13.9,3.5,4,3,33.04,1,0,0,1,0
18,190,162,50,1.23,996.0,33.2,2.2,4,2,24.52,0,0,0,1,0
18,175,150,71,1.9,1425.0,15.3,2.7,4,3,22.41,0,0,0,0,1
51,169,125,55,1.49,838.0,31.1,2.5,4,2,25.35,0,0,0,0,1
49,191,122,62,1.14,626.0,28.8,1.9,4,2,26.41,0,0,1,0,0
42,161,130,71,1.04,608.0,32.9,1.6,3,1,14.1,0,0,0,1,0
57,183,134,73,1.2,724.0,33.7,2.0,4,2,19.35,0,0,0,0,1
18,182,164,71,0.6,492.0,33.5,2.4,3,1,26.33,0,0,0,1,0
33,161,147,54,1.77,1301.0,18.9,2.7,4,3,21.45,0,0,0,0,1
56,197,129,64,1.0,639.0,22.7,2.2,3,2,36.22,1,0,0,0,1
22,190,157,67,1.48,1278.0,28.1,2.4,4,2,29.83,1,1,0,0,0
39,199,166,69,1.32,1205.0,25.3,2.3,3,1,19.76,1,0,0,1,0
46,185,169,63,1.4,1171.0,20.5,3.4,3,1,40.45,1,0,0,1,0
20,188,169,64,0.5,422.0,29.6,1.6,2,1,20.47,0,0,0,0,1
29,162,126,54,1.45,1005.0,29.4,3.2,2,1,20.63,1,0,0,1,0
43,173,134,53,0.73,440.0,33.9,1.9,2,1,15.5,0,0,0,0,1
33,184,137,51,1.59,1198.0,10.5,3.5,4,3,20.66,1,0,0,1,0
54,160,137,56,1.28,868.0,27.4,3.3,4,2,17.63,1,1,0,0,0
39,162,160,59,0.72,634.0,28.1,3.6,2,1,30.47,1,0,0,1,0
46,185,143,65,0.88,566.0,27.7,1.6,3,1,22.23,0,1,0,0,0
31,177,121,59,1.49,992.0,24.7,2.5,4,2,26.95,1,0,1,0,0
45,168,159,67,1.25,894.0,32.1,2.5,4,2,17.92,0,0,0,1,0
22,197,139,66,1.27,883.0,29.4,1.8,3,2,20.05,0,0,0,1,0
47,182,153,70,1.98,1500.0,10.6,3.5,4,3,21.87,1,0,0,1,0
22,180,162,62,1.35,1203.0,27.1,2.4,4,2,36.25,1,1,0,0,0
29,160,145,50,1.65,1316.0,14.6,3.5,5,3,20.61,1,0,0,1,0
33,180,126,50,1.84,1159.0,18.3,2.7,5,3,24.78,0,0,0,1,0
43,186,157,64,1.28,995.0,27.7,3.4,2,1,28.02,1,0,0,0,1
43,165,149,50,1.86,1247.0,16.8,2.7,5,3,24.64,0,0,1,0,0
38,195,161,55,0.62,499.0,26.8,2.7,2,1,12.67,0,1,0,0,0
56,187,124,74,1.51,927.0,13.2,3.5,5,3,23.59,1,0,0,0,1
53,176,130,62,0.69,444.0,23.3,2.9,3,1,31.04,1,1,0,0,0
50,199,120,50,1.93,1042.0,19.3,2.7,5,3,23.27,0,0,0,0,1
47,162,153,54,1.54,1060.0,15.6,2.7,5,3,19.69,0,0,1,0,0
54,171,120,58,1.74,940.0,17.2,2.7,4,3,27.55,0,0,0,0,1
40,198,138,74,1.43,1085.0,24.0,2.5,3,2,14.85,1,1,0,0,0
27,171,121,66,0.94,569.0,34.4,2.0,3,1,22.44,0,0,0,1,0
22,161,140,65,0.51,393.0,21.5,2.3,3,1,18.37,1,0,0,1,0
53,181,139,57,1.06,663.0,25.1,2.4,4,2,23.53,0,0,1,0,0
51,182,142,66,1.43,914.0,27.4,2.4,3,1,25.02,0,1,0,0,0
48,189,140,64,1.01,700.0,28.2,3.5,3,2,32.7,1,1,0,0,0
27,164,143,73,1.39,994.0,27.1,1.5,2,1,18.1,0,1,0,0,0
36,168,123,50,1.8,1218.0,11.2,3.5,5,3,22.32,1,0,1,0,0
49,180,131,61,1.14,739.0,21.3,3.0,4,2,17.44,1,0,0,1,0
18,170,141,54,1.98,1396.0,18.6,2.7,5,3,27.68,0,0,0,0,1
22,164,139,73,1.04,795.0,20.7,2.4,3,1,14.59,1,0,1,0,0
21,194,137,55,1.8,1356.0,11.7,3.5,4,3,22.41,1,0,0,0,1
33,186,120,74,1.58,948.0,16.4,2.7,5,3,24.13,0,0,0,1,0
41,161,149,50,1.22,900.0,25.6,2.6,3,2,21.39,1,0,1,0,0
33,183,152,74,1.4,1170.0,27.3,3.3,4,2,41.6,1,0,0,1,0
19,190,143,50,1.21,952.0,25.3,2.3,4,2,27.79,1,0,0,0,1
45,192,133,59,0.66,395.0,34.3,2.3,2,1,26.57,0,1,0,0,0
49,198,155,59,1.2,921.0,29.5,3.1,3,2,39.3,1,1,0,0,0
44,189,124,52,0.88,491.0,28.6,2.6,2,1,15.5,0,0,0,0,1
37,196,130,66,0.69,448.0,32.8,2.4,2,1,30.89,0,1,0,0,0
41,187,143,68,0.77,545.0,27.4,3.4,2,1,23.14,1,0,0,0,1
29,190,150,60,0.76,627.0,28.9,2.9,2,1,23.53,1,0,1,0,0
52,170,132,67,0.85,555.0,24.5,2.3,2,1,15.88,1,0,1,0,0
50,182,135,51,1.2,729.0,30.3,2.0,2,1,24.55,0,0,1,0,0
50,161,143,58,1.7,1203.0,12.1,3.5,4,3,32.63,1,1,0,0,0
54,199,132,73,1.35,882.0,28.5,2.9,3,2,33.45,1,0,0,1,0
29,186,143,66,1.88,1479.0,11.1,3.5,5,3,23.65,1,1,0,0,0
20,194,145,63,1.25,997.0,22.4,3.2,3,2,37.53,1,1,0,0,0
18,161,121,53,0.88,586.0,23.7,3.0,3,1,18.12,1,0,0,1,0
50,198,135,66,1.24,753.0,27.3,2.0,4,2,23.56,0,0,0,1,0
57,196,157,66,1.31,926.0,30.6,1.8,3,2,26.36,0,0,0,1,0
27,180,165,61,1.13,1025.0,21.3,2.3,2,1,19.71,1,0,0,1,0
46,164,120,69,1.47,873.0,23.2,3.2,3,2,28.59,1,1,0,0,0
30,180,168,67,1.25,1155.0,29.1,3.1,2,1,22.17,1,0,0,0,1
29,188,130,52,1.31,937.0,24.1,3.2,4,2,34.63,1,0,1,0,0
48,179,154,60,1.46,1012.0,32.5,1.9,4,2,26.58,0,0,0,0,1
19,197,162,74,0.83,740.0,21.1,2.4,2,1,34.12,1,1,0,0,0
52,179,148,67,1.17,779.0,27.5,2.4,3,1,25.67,0,0,0,1,0
40,184,156,53,1.18,920.0,33.1,2.4,4,2,20.2,0,0,1,0,0
34,161,136,66,1.41,1055.0,27.6,2.8,3,2,46.9,1,0,1,0,0
43,191,158,67,1.31,931.0,28.9,2.2,3,1,28.88,0,0,0,0,1
25,185,161,54,1.62,1304.0,19.8,2.7,5,3,26.05,0,1,0,0,0
46,165,147,63,0.7,463.0,34.1,1.9,2,1,19.1,0,1,0,0,0
43,162,148,59,1.33,886.0,34.6,2.3,3,2,15.5,0,1,0,0,0
27,192,162,64,1.82,1622.0,12.1,3.5,4,3,33.2,1,0,1,0,0
43,160,122,50,1.09,658.0,22.0,3.4,3,1,35.51,1,0,0,0,1
51,164,129,65,0.86,499.0,31.3,2.3,3,1,26.52,0,0,1,0,0
58,172,161,60,1.21,964.0,26.8,2.9,2,1,21.27,1,0,1,0,0
24,178,133,72,0.97,710.0,21.3,2.8,3,1,18.29,1,0,0,1,0
21,171,131,69,0.97,699.0,27.9,3.1,3,1,26.69,1,0,0,0,1
28,184,166,55,1.05,959.0,20.2,3.2,3,2,32.66,1,0,0,1,0
46,194,161,73,0.91,725.0,24.8,2.9,2,1,18.39,1,1,0,0,0
53,171,149,71,1.34,898.0,28.3,2.2,3,2,21.26,0,0,1,0,0
42,189,151,65,1.54,1151.0,13.7,3.5,5,3,26.01,1,0,0,0,1
38,164,151,51,1.66,1379.0,11.6,3.5,5,3,27.61,1,1,0,0,0
53,193,161,50,1.36,1084.0,28.3,2.2,4,2,31.3,1,0,0,0,1
27,181,151,73,0.74,615.0,25.9,3.6,3,1,18.35,1,0,1,0,0
54,198,145,73,1.1,718.0,32.9,2.4,4,2,30.51,0,0,0,0,1
26,172,120,58,1.07,642.0,34.9,1.9,4,2,19.91,0,1,0,0,0
41,162,161,71,1.27,920.0,31.8,2.2,4,2,25.05,0,0,0,1,0
52,179,121,61,1.41,768.0,34.8,1.6,3,1,16.8,0,0,1,0,0
52,190,136,66,1.7,1144.0,10.1,3.5,5,3,26.39,1,0,0,1,0
53,164,149,74,1.06,711.0,28.4,1.5,4,2,15.43,0,0,1,0,0
35,183,158,64,0.84,730.0,21.1,2.4,2,1,27.23,1,1,0,0,0
56,199,126,68,0.66,412.0,22.6,3.2,2,1,32.69,1,0,1,0,0
49,192,146,71,1.29,932.0,28.4,3.4,4,2,24.31,1,0,0,1,0
41,167,128,59,1.87,1185.0,10.2,3.5,5,3,23.33,1,0,1,0,0
40,183,141,61,1.22,946.0,25.2,3.0,3,2,17.03,1,1,0,0,0
49,179,153,63,1.28,881.0,30.7,2.1,3,2,20.75,0,0,1,0,0
54,175,165,58,1.38,1025.0,30.6,2.0,2,1,20.71,0,0,0,1,0
29,171,168,62,1.08,907.0,29.8,1.7,4,2,23.22,0,1,0,0,0
30,172,120,52,1.3,780.0,32.9,1.6,3,2,25.22,0,0,0,1,0
40,198,128,70,0.87,612.0,21.3,3.3,2,1,20.1,1,0,1,0,0
42,184,139,63,0.61,382.0,28.1,2.6,2,1,14.87,0,0,0,0,1
52,191,138,70,1.48,1011.0,26.2,2.8,4,2,21.63,1,0,0,1,0
58,183,155,59,1.08,753.0,31.9,2.3,3,1,17.93,0,0,1,0,0
47,168,159,65,1.44,1133.0,24.0,3.6,3,2,26.32,1,0,0,0,1
34,199,164,56,0.81,731.0,28.8,2.2,2,1,25.11,1,0,0,0,1
37,182,123,53,0.97,597.0,29.2,2.4,2,1,22.56,0,1,0,0,0
42,172,128,69,1.37,868.0,24.0,3.0,2,1,16.25,1,0,0,0,1
39,191,160,72,1.96,1725.0,10.2,3.5,5,3,26.02,1,0,0,1,0
30,174,141,74,1.85,1304.0,17.8,2.7,4,3,22.28,0,0,0,1,0
36,195,137,60,1.98,1492.0,13.5,3.5,5,3,24.16,1,0,0,0,1
53,164,131,65,1.41,831.0,26.1,2.2,4,2,28.35,0,0,1,0,0
29,181,161,69,0.85,684.0,28.1,1.9,2,1,22.86,0,0,0,1,0
58,175,162,53,1.28,933.0,32.8,2.3,4,2,26.19,0,0,0,1,0
36,169,158,71,1.38,1199.0,23.7,3.4,4,2,33.17,1,1,0,0,0
29,183,128,71,1.66,1169.0,11.2,3.5,4,3,31.63,1,0,1,0,0
26,177,125,72,0.93,639.0,26.7,2.2,2,1,26.75,1,0,0,0,1
24,177,138,66,1.42,980.0,27.0,2.1,3,2,27.82,0,0,1,0,0
45,166,167,62,1.29,1066.0,29.0,2.2,3,1,20.38,1,1,0,0,0
31,163,166,60,1.1,913.0,26.1,2.5,2,1,17.7,0,1,0,0,0
48,185,126,52,1.37,777.0,32.1,2.1,4,2,24.91,0,0,1,0,0
36,164,135,58,1.02,757.0,25.0,3.4,4,2,42.3,1,1,0,0,0
33,175,124,55,0.9,558.0,33.7,1.9,3,1,21.16,0,1,0,0,0
22,194,135,71,0.52,386.0,21.3,2.2,2,1,27.84,1,1,0,0,0
52,185,120,70,1.34,796.0,26.8,2.1,4,2,25.98,1,0,1,0,0
29,177,156,60,1.29,1107.0,25.7,2.5,4,2,32.51,1,1,0,0,0
42,188,158,65,1.68,1314.0,12.4,3.5,4,3,23.73,1,0,0,0,1
38,182,138,68,1.74,1321.0,12.5,3.5,5,3,27.59,1,0,0,0,1
53,173,156,54,1.37,962.0,32.2,1.8,3,2,17.6,0,0,0,1,0
40,174,136,63,0.61,415.0,34.4,2.2,2,1,23.87,0,0,0,0,1
33,192,145,66,1.15,834.0,25.9,1.5,4,2,23.95,0,0,0,1,0
56,184,141,52,1.01,705.0,20.2,2.9,4,2,31.84,1,0,1,0,0
59,180,127,53,0.72,453.0,28.1,2.7,3,1,21.16,1,1,0,0,0
56,176,152,65,1.77,1332.0,10.5,3.5,5,3,31.53,1,0,0,0,1
31,182,121,65,1.46,883.0,34.9,2.2,3,1,13.78,0,0,0,1,0
48,176,149,70,1.9,1401.0,13.1,3.5,5,3,25.33,1,0,1,0,0
22,173,166,74,1.45,1204.0,31.5,2.3,3,2,34.06,0,0,0,1,0
52,188,139,53,1.27,794.0,27.0,2.3,4,2,28.52,0,1,0,0,0
40,179,137,68,1.13,851.0,22.4,3.7,4,2,20.86,1,0,0,0,1
46,189,162,66,1.83,1467.0,13.3,3.5,5,3,21.07,1,0,1,0,0
28,178,129,62,1.1,710.0,34.1,1.7,3,2,24.37,0,0,0,1,0
35,198,143,71,1.03,810.0,29.8,2.7,4,2,21.04,1,0,1,0,0
29,172,123,72,1.48,910.0,27.0,2.0,3,1,23.76,0,0,0,1,0
26,177,156,73,1.17,1004.0,21.3,2.7,3,2,23.84,1,0,0,1,0
27,182,123,50,1.34,907.0,20.6,3.1,2,1,30.76,1,1,0,0,0
34,192,132,61,1.37,904.0,33.7,2.1,4,2,30.4,0,1,0,0,0
55,198,144,53,1.36,969.0,22.9,2.9,4,2,18.35,1,0,0,1,0
24,199,132,60,1.25,825.0,25.0,2.0,3,2,26.4,0,0,0,0,1
30,177,137,54,1.27,957.0,22.2,3.7,3,1,31.08,1,0,1,0,0
57,168,143,51,0.92,592.0,28.4,2.6,3,1,26.79,0,0,1,0,0
59,192,121,66,1.17,637.0,34.9,1.9,3,2,25.05,0,1,0,0,0
26,191,167,57,1.02,937.0,25.2,2.2,2,1,30.89,1,0,0,0,1
44,176,152,55,1.4,958.0,27.0,2.5,2,1,26.16,0,0,0,1,0
19,178,138,70,0.61,463.0,23.3,3.7,3,1,16.27,1,1,0,0,0
22,186,128,58,1.91,1345.0,11.7,3.5,5,3,23.88,1,0,0,1,0
46,165,147,62,1.16,844.0,20.2,2.5,4,2,21.05,1,0,0,1,0
54,194,154,60,0.97,672.0,26.4,1.9,3,1,25.55,0,1,0,0,0
55,196,158,65,1.08,768.0,32.0,2.6,3,1,25.49,0,0,0,0,1
36,193,129,65,1.37,972.0,21.2,3.2,3,1,27.69,1,0,1,0,0
25,179,120,51,1.04,686.0,22.3,2.5,3,2,36.01,1,1,0,0,0
18,184,161,59,1.42,1143.0,28.5,2.2,3,2,27.18,0,0,0,0,1
39,163,140,61,0.77,593.0,27.6,3.6,2,1,23.88,1,0,0,1,0
34,169,128,57,0.67,472.0,25.8,3.4,2,1,24.09,1,1,0,0,0
24,169,166,60,1.29,1071.0,31.9,2.4,2,1,21.34,0,0,1,0,0
42,183,134,59,1.32,876.0,25.7,3.3,3,2,20.2,1,0,1,0,0
21,180,154,62,1.14,878.0,31.8,1.7,3,2,28.03,0,0,0,1,0
53,170,124,74,0.54,331.0,20.0,3.4,3,1,22.96,1,1,0,0,0
23,186,160,66,1.34,1072.0,34.3,1.8,2,1,26.16,0,0,1,0,0
48,175,141,56,1.36,949.0,21.1,3.6,3,1,33.21,1,1,0,0,0
36,185,160,73,1.87,1646.0,12.0,3.5,5,3,30.09,1,0,1,0,0
56,189,142,52,1.45,927.0,32.7,1.9,2,1,27.12,0,0,0,1,0
44,175,126,69,1.35,842.0,24.4,3.5,4,2,36.46,1,0,0,1,0
27,166,142,62,1.26,895.0,34.5,1.8,4,2,21.23,0,1,0,0,0
43,175,163,68,1.03,831.0,24.7,2.9,3,1,17.32,1,0,0,0,1
36,194,144,56,1.23,886.0,33.7,1.6,3,1,17.25,0,0,0,0,1
56,175,146,58,1.29,848.0,33.1,2.3,2,1,17.51,0,0,0,1,0
20,199,160,68,1.27,1016.0,34.8,2.5,3,2,24.26,0,0,1,0,0
30,171,125,62,1.03,644.0,34.3,2.4,4,2,28.93,0,0,0,0,1
45,194,153,71,1.08,818.0,29.0,2.9,4,2,14.85,1,0,0,1,0
37,180,128,57,1.36,957.0,27.3,2.1,4,2,24.35,1,0,1,0,0
45,195,168,71,1.47,1111.0,28.7,2.6,2,1,16.5,0,0,1,0,0
25,176,152,67,1.56,1186.0,15.5,2.7,4,3,17.85,0,0,0,0,1
58,191,125,72,1.38,776.0,31.9,2.3,4,2,17.82,0,0,0,1,0
56,165,156,51,0.68,525.0,29.8,3.3,3,1,13.81,1,0,1,0,0
18,183,150,67,1.83,1510.0,13.6,3.5,4,3,21.66,1,0,1,0,0
20,186,153,67,1.01,850.0,29.3,3.4,3,2,40.26,1,1,0,0,0
30,179,160,60,1.24,1091.0,28.0,3.3,4,2,30.4,1,1,0,0,0
45,184,148,50,1.14,759.0,26.6,2.0,4,2,23.84,0,0,0,0,1
42,161,133,63,1.76,1053.0,16.2,2.7,5,3,20.62,0,1,0,0,0
50,168,155,65,1.41,983.0,28.4,2.4,4,2,18.24,0,0,0,1,0
55,187,155,60,0.69,529.0,21.7,3.1,3,1,43.4,1,0,0,0,1
23,197,134,50,0.89,656.0,25.8,3.5,2,1,29.46,1,0,0,0,1
49,162,127,56,1.83,1150.0,14.9,3.5,4,3,22.15,1,1,0,0,0
38,179,145,65,1.25,906.0,32.6,2.5,3,1,21.8,0,0,1,0,0
33,165,155,63,1.06,822.0,29.2,1.5,3,1,23.78,0,0,0,1,0
38,198,167,64,1.03,946.0,20.0,2.6,4,2,15.49,1,0,0,1,0
28,192,140,63,1.46,1022.0,28.1,1.5,4,2,25.57,0,0,0,1,0
54,160,147,70,1.14,830.0,25.3,2.2,3,2,20.7,1,0,0,0,1
53,196,123,60,1.87,1139.0,11.6,3.5,5,3,31.75,1,0,0,1,0
52,165,135,65,1.36,826.0,26.1,2.2,3,1,24.72,0,0,1,0,0
36,193,141,68,0.84,651.0,24.4,3.5,3,1,41.84,1,0,1,0,0
37,174,131,66,0.54,354.0,27.5,1.6,2,1,25.73,0,1,0,0,0
35,185,135,55,1.78,1322.0,14.5,3.5,5,3,25.01,1,0,0,1,0
58,173,159,60,1.03,737.0,26.0,2.0,4,2,26.43,0,0,0,0,1
31,166,157,66,0.59,463.0,25.5,2.6,2,1,19.51,0,1,0,0,0
32,190,161,58,1.67,1344.0,15.0,2.7,5,3,23.56,0,0,1,0,0
48,183,156,67,1.81,1398.0,11.6,3.5,5,3,28.12,1,0,0,1,0
18,190,148,66,1.73,1408.0,13.3,3.5,5,3,24.31,1,0,1,0,0
20,188,137,61,1.71,1171.0,18.7,2.7,4,3,20.29,0,1,0,0,0
33,191,129,72,1.25,806.0,29.5,2.5,3,1,19.49,0,0,1,0,0
40,176,161,71,1.42,1257.0,26.8,2.9,4,2,15.75,1,0,0,1,0
28,173,158,71,1.06,921.0,23.6,3.3,4,2,37.11,1,0,0,1,0
29,199,137,54,1.75,1319.0,13.3,3.5,5,3,24.64,1,1,0,0,0
27,195,120,60,1.19,714.0,25.4,2.1,4,2,27.57,0,0,0,1,0
49,183,158,53,1.29,1009.0,23.9,2.3,4,2,23.94,1,0,1,0,0
33,186,140,53,1.4,1078.0,27.9,2.2,3,2,33.5,1,0,1,0,0
25,184,120,52,0.55,330.0,33.0,1.7,2,1,32.34,0,0,0,0,1
55,191,134,73,1.19,789.0,27.2,2.6,4,2,24.76,1,0,0,0,1
29,177,123,72,1.52,1028.0,11.0,3.5,4,3,25.15,1,0,0,0,1
41,177,139,74,1.97,1355.0,11.2,3.5,5,3,30.05,1,0,1,0,0
45,196,129,66,0.76,441.0,35.0,2.6,3,1,23.17,0,0,1,0,0
25,185,142,56,0.89,632.0,26.0,2.5,2,1,16.14,0,1,0,0,0
45,168,160,53,0.95,684.0,26.8,2.0,3,1,20.14,0,0,0,0,1
53,194,153,72,1.17,806.0,26.3,2.1,4,2,30.59,0,0,1,0,0
43,167,165,62,1.67,1240.0,16.6,2.7,5,3,18.44,0,1,0,0,0
25,179,167,61,1.12,935.0,27.1,1.8,3,1,22.02,0,0,1,0,0
45,181,152,50,1.18,807.0,30.0,2.3,4,2,24.28,0,1,0,0,0
45,178,153,70,1.7,1287.0,12.4,3.5,5,3,27.35,1,0,0,0,1
54,189,158,68,1.48,1158.0,29.0,3.4,3,2,27.92,1,0,0,0,1
58,187,129,70,1.28,743.0,25.3,1.8,4,2,16.53,0,0,0,0,1
53,194,139,69,1.3,894.0,23.2,2.1,3,2,17.65,1,0,1,0,0
44,170,120,67,1.26,748.0,26.0,3.1,4,2,27.94,1,0,1,0,0
34,190,132,60,1.13,746.0,31.0,2.2,3,1,23.46,0,1,0,0,0
26,198,120,69,1.15,759.0,24.8,2.7,3,2,15.23,1,0,0,1,0
50,195,124,52,1.38,847.0,28.2,3.1,4,2,15.42,1,0,0,1,0
37,189,135,66,1.58,1173.0,10.3,3.5,5,3,23.35,1,0,0,0,1
30,182,134,61,1.46,1076.0,28.2,2.9,4,2,35.79,1,0,0,1,0
45,178,168,59,1.06,881.0,24.9,2.4,3,2,31.14,1,0,0,0,1
46,171,147,57,1.41,933.0,26.3,2.0,3,1,16.19,0,1,0,0,0
30,174,150,64,1.08,810.0,33.9,2.0,3,2,17.01,0,0,0,1,0
52,190,142,54,0.75,479.0,31.5,2.6,3,1,35.04,0,0,0,1,0
23,196,167,53,0.72,661.0,21.6,3.6,2,1,35.44,1,0,0,0,1
35,196,164,70,1.28,1050.0,25.3,2.6,4,2,29.34,0,1,0,0,0
22,174,162,69,1.88,1675.0,10.7,3.5,5,3,33.72,1,0,0,1,0
42,188,136,68,0.52,350.0,26.1,3.2,3,1,27.66,1,0,0,1,0
19,185,168,70,1.27,1173.0,21.8,3.0,4,2,34.34,1,0,0,1,0
27,161,153,53,1.8,1515.0,11.1,3.5,4,3,22.57,1,1,0,0,0
47,179,132,64,0.51,303.0,25.3,2.3,3,1,16.54,0,1,0,0,0
22,174,133,66,1.47,978.0,32.2,2.6,3,2,17.59,0,0,0,1,0
50,163,130,61,1.17,753.0,28.1,2.4,4,2,20.13,1,0,0,0,1
18,181,147,52,1.29,948.0,33.0,2.1,3,2,21.66,0,0,0,0,1
35,197,161,59,1.3,1151.0,21.3,3.2,3,1,21.48,1,0,0,1,0
49,182,151,64,1.38,938.0,34.0,2.3,2,1,26.36,0,1,0,0,0
28,185,154,59,1.1,847.0,31.7,1.8,3,2,29.62,0,0,0,1,0
38,170,150,73,1.31,1081.0,29.0,3.0,4,2,18.64,1,1,0,0,0
43,187,136,72,0.82,502.0,29.5,2.5,2,1,21.0,0,0,0,1,0
42,161,166,67,1.1,904.0,24.4,2.8,3,2,23.8,1,1,0,0,0
39,167,128,50,1.17,749.0,32.8,2.5,2,1,19.41,0,0,1,0,0
44,188,129,52,1.34,856.0,20.9,2.6,4,2,38.5,1,0,0,0,1
30,170,127,70,1.13,789.0,25.2,3.6,2,1,17.06,1,0,1,0,0
50,196,140,61,1.88,1184.0,19.2,2.7,5,3,22.07,0,0,0,0,1
51,177,132,50,0.71,422.0,33.3,2.1,2,1,31.05,0,1,0,0,0
58,173,169,52,1.12,937.0,29.6,3.0,3,1,16.23,1,0,1,0,0
52,169,124,52,1.5,837.0,32.0,1.5,2,1,18.68,0,0,0,0,1
18,194,125,54,0.97,606.0,27.1,1.7,2,1,30.44,0,0,0,1,0
38,168,149,68,1.72,1410.0,10.1,3.5,4,3,26.48,1,1,0,0,0
23,194,150,74,1.6,1320.0,12.4,3.5,4,3,23.78,1,1,0,0,0
45,170,136,50,1.45,887.0,30.1,2.3,2,1,18.7,0,0,0,1,0
34,171,130,53,1.38,987.0,22.4,2.7,4,2,16.41,1,0,0,1,0
22,162,139,53,1.42,1086.0,21.2,2.9,4,2,19.06,1,0,0,0,1
48,198,167,66,1.51,1248.0,12.9,3.5,4,3,25.73,1,1,0,0,0
22,173,128,63,1.0,640.0,32.6,1.6,3,2,19.71,0,0,0,0,1
55,187,121,67,1.32,719.0,34.9,2.5,3,1,21.8,0,0,0,1,0
20,170,156,50,1.02,875.0,27.6,3.3,4,2,29.49,1,1,0,0,0
40,198,120,71,1.27,762.0,32.9,1.7,3,2,19.09,0,0,0,1,0
54,184,123,65,1.13,688.0,26.2,3.1,3,1,29.1,1,0,0,0,1
54,180,155,52,1.41,983.0,34.9,2.5,4,2,29.17,0,0,0,0,1
27,169,144,72,1.48,1172.0,26.4,3.1,2,1,19.01,1,0,0,0,1
27,174,122,70,1.38,926.0,28.6,2.5,4,2,33.33,1,1,0,0,0
36,178,128,58,0.99,634.0,34.5,2.3,3,1,19.36,0,0,0,1,0
34,181,141,72,1.18,915.0,29.3,2.4,4,2,20.11,1,0,0,1,0
38,180,142,53,1.21,859.0,28.8,1.9,4,2,21.99,0,0,0,0,1
31,191,131,70,1.17,766.0,25.8,1.8,3,2,19.45,0,0,0,0,1
26,182,129,54,1.13,802.0,21.7,2.9,3,1,19.73,1,0,0,0,1
18,172,153,60,1.46,1229.0,20.6,2.2,3,2,45.14,1,0,0,0,1
30,164,162,70,1.02,826.0,26.1,2.6,4,2,22.48,0,0,1,0,0
21,163,129,58,1.37,972.0,21.8,2.6,3,2,25.03,1,0,1,0,0
18,187,149,52,1.2,983.0,23.4,2.4,3,2,19.47,1,0,1,0,0
57,173,141,55,1.14,796.0,25.4,2.8,4,2,22.14,1,0,0,0,1
49,167,125,73,1.98,1225.0,13.6,3.5,5,3,24.31,1,0,0,0,1
51,168,169,60,1.14,954.0,22.1,2.5,2,1,20.76,1,0,0,1,0
45,194,121,58,1.67,909.0,18.4,2.7,5,3,23.81,0,1,0,0,0
48,196,149,64,1.19,798.0,32.0,2.1,3,2,28.88,0,0,0,1,0
25,180,121,72,1.13,752.0,25.6,2.6,3,1,31.26,1,0,1,0,0
56,177,151,52,1.37,1024.0,29.0,2.2,2,1,33.97,1,0,0,1,0
43,192,161,50,1.24,988.0,21.1,2.5,3,1,20.83,1,0,0,0,1
51,167,135,69,1.11,674.0,26.8,2.0,4,2,23.37,0,0,1,0,0
20,176,131,71,1.14,821.0,24.3,2.1,3,2,24.52,1,0,1,0,0
29,190,120,68,1.2,720.0,26.3,2.4,4,2,29.89,0,1,0,0,0
18,193,127,63,1.07,679.0,30.7,2.2,3,2,27.14,0,1,0,0,0
22,165,167,66,1.37,1144.0,29.0,2.2,4,2,15.72,0,0,1,0,0
47,181,169,71,1.42,1188.0,22.8,2.9,3,1,22.64,1,0,1,0,0
47,173,132,63,0.8,475.0,26.7,2.2,3,1,12.91,0,0,0,1,0
34,162,134,66,1.18,870.0,23.4,3.6,4,2,32.84,1,0,1,0,0
40,171,163,74,0.85,693.0,31.1,1.5,3,1,29.14,0,0,0,0,1
32,195,127,63,1.45,1013.0,25.8,2.1,3,1,27.74,1,0,0,1,0
54,171,129,61,1.29,749.0,26.6,1.7,4,2,16.09,0,0,0,0,1
38,161,165,65,1.34,1216.0,21.2,2.3,4,2,46.98,1,0,0,0,1
31,161,124,50,1.8,1116.0,15.1,2.7,5,3,23.79,0,0,0,0,1
19,174,169,62,1.9,1766.0,10.1,3.5,5,3,21.45,1,0,1,0,0
28,182,138,55,1.35,1025.0,28.8,2.3,4,2,26.47,1,1,0,0,0
56,188,166,66,1.29,1060.0,20.5,3.1,3,2,39.77,1,1,0,0,0
55,176,157,61,1.0,777.0,27.3,2.8,3,2,27.58,1,0,0,0,1
51,191,130,72,1.07,626.0,33.7,2.7,4,2,19.72,0,0,1,0,0
55,166,162,68,0.54,394.0,26.0,1.8,3,1,26.98,0,0,0,1,0
51,189,139,55,1.38,950.0,24.4,2.5,3,2,41.34,1,0,0,0,1
35,187,139,56,1.71,1188.0,19.8,2.7,5,3,22.72,0,0,0,1,0
47,173,140,50,1.36,942.0,28.3,3.7,3,1,22.81,1,0,0,1,0
32,189,137,50,1.36,1025.0,24.9,3.4,3,2,25.33,1,0,1,0,0
44,176,169,54,1.27,966.0,32.6,2.1,4,2,22.19,0,0,1,0,0
51,191,129,55,1.36,868.0,28.3,2.9,2,1,19.02,1,1,0,0,0
55,165,153,65,1.44,1091.0,23.5,3.4,3,1,28.97,1,1,0,0,0
50,183,145,74,0.89,581.0,33.9,2.1,3,1,30.63,0,0,1,0,0
41,165,149,65,1.26,929.0,24.7,2.4,3,1,14.87,1,0,0,0,1
32,186,128,63,0.58,408.0,25.3,3.4,2,1,24.84,1,1,0,0,0
47,177,165,50,2.0,1634.0,15.0,3.5,4,3,32.42,1,0,0,1,0
59,183,150,62,0.57,423.0,28.4,2.9,3,1,33.07,1,0,0,0,1
34,196,161,69,1.02,821.0,28.6,1.7,3,2,18.09,0,0,0,1,0
22,183,123,59,1.38,849.0,25.1,2.1,3,1,27.47,0,0,1,0,0
46,197,125,73,1.61,906.0,18.1,2.7,4,3,26.35,0,0,0,1,0
21,193,133,59,1.06,775.0,27.0,2.7,3,1,38.76,1,0,0,0,1
27,199,123,58,1.41,954.0,26.5,3.5,3,2,30.64,1,0,1,0,0
34,174,145,62,1.76,1276.0,19.8,2.7,5,3,24.5,0,0,0,0,1
27,170,166,52,1.75,1598.0,14.3,3.5,4,3,31.13,1,0,0,1,0
34,181,167,67,1.36,1249.0,24.5,2.2,2,1,35.19,1,0,0,0,1
37,183,158,69,1.81,1573.0,10.3,3.5,5,3,30.74,1,0,1,0,0
41,160,136,51,1.06,714.0,24.8,3.5,4,2,28.66,1,0,0,1,0
22,177,138,66,1.36,938.0,31.9,2.1,4,2,27.16,0,0,0,1,0
51,171,168,68,0.97,733.0,31.1,2.0,2,1,30.96,0,1,0,0,0
23,187,125,72,0.51,319.0,30.4,1.7,2,1,22.32,0,1,0,0,0
19,199,148,62,1.17,952.0,24.7,3.2,3,2,19.13,1,0,0,0,1
30,166,130,62,1.41,916.0,27.9,2.6,4,2,24.87,0,1,0,0,0
28,182,135,50,1.49,1006.0,27.8,2.0,3,2,27.88,0,1,0,0,0
40,180,149,51,1.16,951.0,25.0,2.4,4,2,17.4,1,1,0,0,0
33,193,144,50,1.45,1148.0,21.6,2.9,3,2,12.85,1,1,0,0,0
48,170,159,73,0.75,537.0,28.4,2.5,3,1,23.88,0,0,1,0,0
28,181,130,54,1.49,968.0,28.2,1.5,3,2,31.49,0,0,1,0,0
33,194,126,73,1.02,643.0,30.9,2.3,2,1,23.2,0,1,0,0,0
25,188,145,52,1.36,986.0,25.7,2.2,3,2,23.11,0,0,0,0,1
21,187,141,56,1.32,1024.0,28.3,2.5,3,2,19.92,1,0,1,0,0
57,177,144,73,1.52,985.0,17.8,2.7,5,3,26.46,0,1,0,0,0
21,173,138,71,0.55,380.0,31.7,2.0,2,1,17.33,0,0,1,0,0
42,177,150,62,0.63,468.0,27.0,2.4,3,1,18.7,1,0,0,1,0
20,187,145,72,0.91,660.0,27.9,2.4,2,1,16.48,0,0,1,0,0
49,183,161,67,0.93,741.0,24.7,3.1,3,1,14.6,1,0,1,0,0
20,167,160,73,0.79,695.0,29.6,2.9,2,1,25.62,1,0,0,0,1
44,167,155,70,1.51,1159.0,13.8,3.5,5,3,25.75,1,0,1,0,0
46,163,142,56,1.11,709.0,34.7,2.0,3,1,22.22,0,0,0,0,1
49,186,166,50,0.93,695.0,32.5,1.8,3,1,25.17,0,0,0,1,0
36,195,132,54,1.49,1082.0,21.8,3.4,3,2,32.73,1,1,0,0,0
38,164,144,66,1.19,857.0,25.6,2.0,4,2,30.43,0,0,0,0,1
22,192,121,57,1.45,877.0,30.8,2.1,4,2,16.56,0,0,1,0,0
35,193,121,64,0.84,559.0,23.6,2.9,2,1,32.74,1,0,1,0,0
45,189,135,69,1.47,982.0,22.8,2.8,3,2,20.83,1,0,0,0,1
59,167,128,53,1.46,841.0,33.1,1.8,3,1,24.19,0,0,0,1,0
39,198,147,51,0.55,445.0,23.7,2.2,2,1,20.29,1,1,0,0,0
38,185,132,54,1.64,1082.0,16.6,2.7,5,3,23.71,0,0,1,0,0
23,196,154,50,0.76,585.0,33.5,1.6,3,1,18.52,0,0,0,1,0
18,193,160,74,1.29,1032.0,33.5,2.4,3,2,18.68,0,1,0,0,0
22,166,132,54,1.48,977.0,28.6,1.8,4,2,15.14,0,1,0,0,0
58,199,150,55,0.9,668.0,28.3,2.1,2,1,30.49,1,0,1,0,0
29,187,140,51,1.79,1378.0,14.3,3.5,4,3,28.7,1,0,0,0,1
43,198,151,50,1.08,807.0,24.2,3.4,3,1,30.55,1,0,1,0,0
51,198,153,53,1.22,924.0,20.7,2.3,3,2,21.67,1,0,1,0,0
31,187,127,56,1.72,1092.0,15.0,2.7,4,3,19.31,0,0,1,0,0
43,173,160,71,1.03,742.0,30.2,2.3,4,2,18.19,0,0,0,1,0
44,197,167,50,1.66,1372.0,11.7,3.5,5,3,22.31,1,0,0,0,1
26,163,121,50,1.37,829.0,35.0,1.9,2,1,26.1,0,0,0,1,0
43,177,157,57,1.48,1046.0,32.7,1.7,4,2,21.16,0,0,1,0,0
39,184,151,69,0.89,672.0,32.6,2.0,2,1,21.87,0,0,0,0,1
47,166,159,65,1.29,1015.0,29.6,2.0,3,2,12.32,1,1,0,0,0
34,197,147,70,1.9,1536.0,14.4,3.5,4,3,32.72,1,0,0,0,1
43,187,156,62,1.31,1012.0,23.2,3.4,2,1,29.34,1,0,1,0,0
53,164,160,72,1.34,965.0,26.7,2.1,3,2,13.95,0,0,0,0,1
18,162,120,73,0.66,436.0,27.5,2.2,3,1,23.79,1,1,0,0,0
25,190,160,72,1.47,1294.0,23.8,2.4,4,2,26.48,1,1,0,0,0
52,179,129,67,1.01,645.0,24.7,2.8,3,2,13.82,1,0,0,0,1
32,178,123,69,1.77,1197.0,13.2,3.5,4,3,31.71,1,1,0,0,0
39,170,154,59,1.35,1143.0,29.1,2.3,4,2,17.83,1,0,0,1,0
31,199,129,61,0.71,504.0,24.2,2.5,2,1,17.91,1,0,0,0,1
43,162,166,50,0.79,590.0,32.8,2.1,3,1,22.44,0,1,0,0,0
45,182,130,59,0.74,433.0,27.7,2.5,2,1,15.73,0,1,0,0,0
40,166,133,58,0.91,666.0,27.0,2.7,2,1,26.99,1,0,0,0,1
31,182,157,52,0.56,484.0,20.0,3.2,2,1,18.79,1,0,0,1,0
41,166,131,68,1.93,1138.0,19.4,2.7,4,3,23.01,0,0,0,0,1
19,193,164,58,1.42,1164.0,25.3,2.6,4,2,17.4,0,1,0,0,0
43,178,136,59,1.11,747.0,27.1,2.4,3,2,19.86,1,0,0,0,1
31,168,135,68,0.6,446.0,20.5,3.4,2,1,20.27,1,1,0,0,0
24,177,154,65,1.76,1491.0,11.3,3.5,4,3,27.53,1,0,1,0,0
20,184,121,73,1.33,885.0,25.0,3.3,3,2,24.42,1,0,0,0,1
40,173,130,67,0.87,566.0,29.2,1.9,3,1,28.2,0,0,0,0,1
35,184,160,63,1.41,1241.0,21.9,3.7,4,2,23.64,1,1,0,0,0
55,178,122,52,1.19,719.0,23.3,2.4,3,2,26.43,1,1,0,0,0
52,198,148,51,0.53,388.0,27.3,2.4,2,1,40.79,1,1,0,0,0
32,174,137,50,1.39,1047.0,26.7,3.3,3,2,21.0,1,1,0,0,0
42,175,139,67,1.17,732.0,25.7,2.0,4,2,27.78,0,0,0,0,1
54,186,166,73,1.08,807.0,32.5,1.9,2,1,23.1,0,1,0,0,0
45,199,133,58,1.67,999.0,15.3,2.7,4,3,27.11,0,0,0,0,1
27,169,153,62,1.62,1363.0,12.7,3.5,5,3,25.54,1,0,0,1,0
56,163,168,51,1.38,1148.0,22.6,2.3,3,2,34.8,1,0,0,0,1
34,178,150,56,1.13,847.0,30.9,2.4,4,2,22.48,0,1,0,0,0
56,187,159,65,1.09,858.0,22.6,3.3,3,2,16.97,1,1,0,0,0
39,180,161,70,1.26,1116.0,29.8,3.0,3,2,38.49,1,0,0,1,0
43,173,137,68,1.42,875.0,28.1,2.6,4,2,29.69,0,0,0,0,1
42,192,149,74,1.07,717.0,27.4,1.9,3,1,24.22,0,0,0,1,0
34,169,144,64,1.33,958.0,27.8,1.8,4,2,20.36,0,0,0,0,1
30,178,138,71,1.78,1228.0,19.5,2.7,4,3,26.66,0,1,0,0,0
37,189,127,60,1.23,859.0,26.4,3.2,4,2,22.67,1,0,0,0,1
42,181,147,50,1.22,888.0,27.3,3.3,2,1,21.29,1,1,0,0,0
21,162,127,70,1.19,756.0,34.2,1.8,3,2,25.72,0,1,0,0,0
27,196,150,56,0.96,792.0,29.1,2.1,3,1,26.54,1,0,1,0,0
20,177,122,69,1.08,659.0,32.4,2.5,2,1,17.05,0,0,1,0,0
58,170,122,57,0.74,406.0,27.0,2.7,2,1,19.55,0,0,0,0,1
35,161,163,59,1.1,986.0,28.4,3.1,2,1,37.98,1,1,0,0,0
53,171,141,54,1.12,711.0,27.0,1.8,4,2,23.23,0,0,0,1,0
39,165,136,58,1.35,1010.0,27.4,3.7,4,2,15.65,1,1,0,0,0
51,199,155,74,1.47,1128.0,26.9,3.5,2,1,15.51,1,0,0,1,0
25,188,136,74,1.94,1451.0,13.8,3.5,4,3,21.49,1,0,0,0,1
57,189,133,50,1.76,1159.0,12.7,3.5,5,3,29.97,1,0,0,0,1
36,161,128,51,1.63,1043.0,18.2,2.7,5,3,20.28,0,0,0,1,0
59,168,149,68,1.24,915.0,29.5,2.9,3,1,44.26,1,0,0,1,0
58,161,140,63,1.05,662.0,26.0,2.5,4,2,23.8,0,1,0,0,0
54,188,131,69,1.69,996.0,16.5,2.7,4,3,22.48,0,0,0,0,1
23,192,156,59,1.37,1069.0,31.1,2.5,3,2,24.84,0,1,0,0,0
43,169,151,58,0.99,673.0,34.6,2.6,2,1,25.44,0,0,0,1,0
51,193,130,59,1.21,779.0,21.0,3.4,2,1,32.75,1,0,1,0,0
23,167,139,55,1.15,879.0,20.2,3.1,4,2,28.78,1,0,1,0,0
54,196,154,66,1.76,1220.0,15.3,2.7,5,3,18.45,0,0,1,0,0
50,192,166,74,1.22,911.0,25.5,2.2,4,2,20.11,0,0,0,1,0
39,165,165,55,1.32,1198.0,29.1,2.8,4,2,26.68,1,1,0,0,0
38,199,130,53,0.74,481.0,32.2,2.3,2,1,30.68,0,0,0,0,1
23,178,127,69,1.0,698.0,26.8,3.4,4,2,36.45,1,0,0,1,0
23,191,123,52,1.8,1107.0,17.6,2.7,4,3,23.77,0,0,1,0,0
21,186,146,72,1.0,803.0,27.8,3.6,2,1,31.31,1,1,0,0,0
47,160,163,68,1.03,756.0,26.6,2.1,4,2,16.66,0,0,0,0,1
28,192,159,67,1.99,1582.0,17.0,2.7,5,3,17.2,0,0,0,0,1
47,199,157,73,0.71,552.0,24.9,3.0,2,1,41.03,1,0,0,1,0
48,191,166,53,1.34,1001.0,26.1,2.0,4,2,26.99,0,0,0,1,0
41,164,149,57,1.34,898.0,29.2,2.3,3,1,22.06,0,0,0,0,1
26,176,163,66,1.15,1031.0,23.2,3.1,4,2,40.52,1,0,0,0,1
20,167,167,54,1.07,893.0,25.4,1.5,3,2,28.56,0,0,1,0,0
48,193,167,62,1.06,876.0,21.4,2.9,4,2,49.84,1,0,0,0,1
57,168,146,74,1.1,795.0,27.6,2.2,3,2,27.84,1,0,0,1,0
54,182,140,50,0.72,454.0,25.2,1.5,3,1,28.46,0,1,0,0,0
53,194,139,62,1.77,1107.0,19.7,2.7,4,3,26.81,0,0,1,0,0
41,166,123,53,1.04,576.0,25.9,2.4,4,2,26.33,0,0,1,0,0
48,174,130,71,0.74,433.0,33.0,1.8,3,1,18.98,0,0,0,0,1
23,179,132,73,1.38,911.0,34.0,1.9,4,2,23.6,0,1,0,0,0
19,184,128,63,1.35,864.0,34.4,1.6,4,2,17.61,0,0,1,0,0
37,162,123,52,1.01,621.0,33.7,1.7,2,1,22.44,0,0,0,1,0
45,183,131,54,1.7,1102.0,11.4,3.5,4,3,26.08,1,0,0,0,1
28,193,128,56,1.94,1242.0,16.7,2.7,5,3,24.89,0,0,0,1,0
21,181,132,50,1.3,944.0,24.3,3.3,2,1,29.89,1,0,0,0,1
32,170,167,72,1.65,1378.0,15.7,2.7,4,3,22.96,0,0,1,0,0
23,167,145,61,0.82,594.0,25.2,2.1,3,1,13.36,0,0,0,0,1
47,198,157,60,0.77,598.0,28.7,3.5,2,1,46.94,1,1,0,0,0
55,194,161,73,1.28,927.0,30.5,2.0,2,1,15.92,0,0,0,1,0
19,197,132,57,1.87,1234.0,18.0,2.7,5,3,24.2,0,1,0,0,0
32,167,158,74,1.18,1025.0,29.3,2.5,3,2,18.79,1,0,0,1,0
28,196,147,55,0.68,500.0,31.7,1.9,2,1,24.01,0,0,0,1,0
25,186,138,71,1.03,711.0,31.9,2.4,3,2,14.74,0,0,0,0,1
43,187,143,51,1.5,965.0,32.9,2.2,3,2,13.38,0,0,1,0,0
22,199,138,68,0.91,691.0,21.2,3.5,2,1,27.05,1,0,1,0,0
23,193,168,69,1.59,1336.0,16.8,2.7,5,3,23.21,0,1,0,0,0
43,191,132,69,1.88,1117.0,19.8,2.7,4,3,23.48,0,0,0,0,1
21,174,132,73,1.07,706.0,34.2,2.2,3,2,17.44,0,0,1,0,0
36,176,147,63,1.65,1213.0,19.4,2.7,4,3,18.42,0,0,0,1,0
37,192,121,50,1.49,992.0,24.5,2.8,4,2,23.22,1,0,0,1,0
50,175,129,59,1.85,1181.0,14.3,3.5,4,3,25.7,1,0,0,0,1
37,188,141,65,1.03,726.0,25.5,2.4,3,2,24.21,0,1,0,0,0
29,168,132,53,1.33,878.0,26.5,2.6,3,2,19.88,0,0,0,0,1
18,192,128,60,1.03,725.0,24.1,2.6,3,1,29.5,1,1,0,0,0
43,188,152,65,1.58,1189.0,12.4,3.5,5,3,25.56,1,0,0,0,1
31,172,133,69,1.22,811.0,27.6,1.8,4,2,17.27,0,0,0,1,0
55,180,167,50,0.77,637.0,23.6,3.0,3,1,18.46,1,0,0,0,1
54,180,139,65,0.76,475.0,26.6,2.1,2,1,30.34,0,0,1,0,0
28,164,134,68,1.29,951.0,24.9,3.7,4,2,27.43,1,0,1,0,0
53,169,151,70,1.09,815.0,27.9,2.8,3,2,23.7,1,0,0,0,1
30,165,152,71,1.32,1104.0,26.6,2.1,4,2,32.66,1,1,0,0,0
20,172,136,58,1.72,1287.0,10.5,3.5,5,3,23.25,1,1,0,0,0
50,160,143,58,0.73,470.0,29.9,2.7,2,1,29.3,0,0,0,1,0
23,179,149,58,1.15,942.0,27.0,3.4,3,2,19.73,1,0,0,1,0
27,167,132,66,0.68,494.0,25.3,2.3,3,1,24.44,1,1,0,0,0
22,169,166,61,1.83,1519.0,17.0,2.7,5,3,26.75,0,0,0,0,1
40,168,167,74,1.63,1497.0,13.1,3.5,5,3,25.92,1,0,0,1,0
27,162,135,62,1.28,950.0,29.7,3.5,3,2,36.95,1,1,0,0,0
19,170,121,57,1.46,883.0,25.9,1.9,3,2,26.32,0,1,0,0,0
30,171,136,65,0.66,494.0,23.9,2.6,2,1,31.32,1,0,0,0,1
57,169,151,67,1.05,713.0,29.1,2.6,3,2,21.06,0,0,1,0,0
19,184,162,50,1.65,1336.0,17.9,2.7,5,3,23.98,0,1,0,0,0
37,184,127,50,1.38,876.0,26.5,2.1,4,2,21.84,0,0,0,1,0
18,170,122,61,0.94,573.0,26.8,1.7,2,1,21.84,0,0,0,0,1
54,195,131,55,1.42,921.0,22.9,2.6,3,2,28.56,1,0,0,0,1
26,198,139,58,1.88,1307.0,19.8,2.7,4,3,24.07,0,0,0,0,1
34,185,135,72,0.96,713.0,27.3,3.2,2,1,34.92,1,0,1,0,0
26,173,133,54,0.75,549.0,26.6,2.3,2,1,12.97,1,0,1,0,0
28,198,135,65,1.32,980.0,28.2,3.0,4,2,14.57,1,0,0,1,0
32,199,168,67,1.93,1783.0,10.6,3.5,4,3,24.36,1,0,0,1,0
41,160,162,66,0.79,634.0,28.6,3.2,2,1,30.19,1,0,0,0,1
55,163,168,67,0.77,640.0,25.9,2.6,3,1,40.09,1,0,0,1,0
52,189,152,50,1.19,895.0,23.4,3.2,2,1,24.78,1,1,0,0,0
47,171,149,68,0.72,531.0,28.2,3.5,3,1,25.54,1,0,1,0,0
48,194,131,71,1.05,681.0,28.0,2.8,4,2,21.83,1,0,0,0,1
22,172,134,57,1.24,914.0,28.5,2.7,3,2,41.56,1,0,0,0,1
31,190,137,52,1.26,863.0,26.2,1.8,4,2,26.47,0,1,0,0,0
28,197,147,74,1.13,831.0,34.7,2.2,3,2,26.14,0,1,0,0,0
26,182,142,54,1.15,816.0,34.6,2.6,2,1,31.64,0,1,0,0,0
51,163,133,72,1.56,1027.0,11.8,3.5,4,3,33.61,1,1,0,0,0
29,175,149,57,1.31,976.0,25.7,1.9,4,2,23.33,0,0,0,0,1
52,166,152,68,1.66,1135.0,15.8,2.7,4,3,23.79,0,0,1,0,0
52,181,164,67,1.02,753.0,34.9,2.0,3,2,28.28,0,0,1,0,0
18,188,134,67,0.94,693.0,25.6,2.7,3,1,44.1,1,1,0,0,0
57,170,126,70,1.13,705.0,23.6,3.0,3,2,14.07,1,0,0,1,0
39,192,134,50,0.89,656.0,22.9,2.4,3,1,27.18,1,0,0,0,1
46,188,161,64,1.31,1044.0,22.6,3.4,4,2,20.76,1,0,1,0,0
25,198,165,67,0.95,784.0,31.6,1.9,2,1,22.6,0,1,0,0,0
28,171,157,74,0.61,479.0,29.2,2.3,3,1,24.13,0,0,0,1,0
58,166,165,56,1.97,1463.0,19.8,2.7,4,3,23.75,0,0,0,1,0
54,198,163,65,1.14,836.0,31.8,2.1,3,1,28.68,0,1,0,0,0
31,185,130,65,1.72,1230.0,14.0,3.5,4,3,30.43,1,0,0,0,1
47,199,148,64,0.76,557.0,22.9,3.0,3,1,27.2,1,0,1,0,0
52,168,150,55,1.3,965.0,20.8,2.3,4,2,24.23,1,0,0,1,0
38,193,144,58,1.01,727.0,29.9,2.4,3,2,16.01,0,0,1,0,0
54,172,143,56,1.04,736.0,23.1,2.3,4,2,44.66,1,0,1,0,0
22,195,138,63,1.34,1017.0,22.0,2.2,2,1,35.47,1,0,0,1,0
36,184,121,60,0.85,514.0,34.5,2.2,2,1,18.65,0,1,0,0,0
31,183,141,70,0.57,402.0,29.4,2.4,3,1,19.82,0,0,0,1,0
43,176,139,65,1.18,812.0,21.7,2.1,2,1,17.39,1,0,0,1,0
21,161,152,74,1.32,1104.0,22.0,2.1,3,2,25.85,1,0,0,0,1
42,172,127,55,1.77,1113.0,11.4,3.5,4,3,27.55,1,0,1,0,0
59,190,144,71,1.99,1418.0,15.0,3.5,5,3,30.66,1,1,0,0,0
42,188,165,65,1.38,1127.0,22.7,3.4,3,2,20.07,1,0,1,0,0
35,187,128,69,1.02,718.0,23.3,3.4,4,2,48.43,1,0,0,1,0
57,186,153,65,1.05,723.0,31.6,1.8,3,2,27.11,0,1,0,0,0
25,174,142,61,1.2,852.0,27.9,2.2,3,1,22.99,0,1,0,0,0
56,190,124,66,1.91,1066.0,16.1,2.7,5,3,23.79,0,1,0,0,0
57,199,144,54,1.21,862.0,21.6,2.8,3,2,31.74,1,1,0,0,0
31,174,127,74,1.39,883.0,28.1,2.3,4,2,29.23,0,0,0,0,1
49,192,135,62,1.14,762.0,21.1,3.5,2,1,16.01,1,1,0,0,0
55,179,167,57,1.2,992.0,20.2,2.1,4,2,21.34,1,0,0,1,0
50,171,164,73,1.03,760.0,33.0,2.4,3,2,21.67,0,0,0,0,1
40,196,134,54,1.96,1445.0,10.7,3.5,5,3,25.14,1,0,0,1,0
32,168,120,61,1.24,818.0,27.8,2.8,3,2,26.22,1,0,0,1,0
50,182,141,58,1.32,838.0,33.0,2.2,3,1,23.02,0,0,1,0,0
42,167,122,52,1.83,1005.0,17.7,2.7,4,3,23.41,0,1,0,0,0
34,191,157,52,0.81,636.0,28.1,2.3,3,1,23.28,0,1,0,0,0
50,173,133,50,1.16,764.0,21.5,3.6,4,2,36.8,1,0,0,1,0
19,186,155,74,1.17,907.0,32.4,1.6,3,1,27.03,0,1,0,0,0
31,184,137,71,1.02,699.0,31.0,1.5,4,2,23.88,0,0,0,0,1
57,172,166,67,1.57,1290.0,13.3,3.5,4,3,30.63,1,0,1,0,0
57,180,160,73,1.39,1001.0,25.1,1.7,2,1,14.3,0,1,0,0,0
56,190,137,61,1.99,1227.0,19.6,2.7,5,3,22.48,0,1,0,0,0
23,196,122,58,0.58,354.0,25.7,2.7,2,1,16.8,0,0,0,0,1
23,164,129,58,1.87,1327.0,11.8,3.5,5,3,23.93,1,0,1,0,0
20,172,168,67,1.12,1035.0,24.0,3.2,4,2,21.48,1,0,0,0,1
24,187,158,67,1.57,1364.0,10.0,3.5,4,3,28.77,1,0,0,1,0
25,184,166,56,1.38,1260.0,25.0,3.0,2,1,25.69,1,0,0,1,0
59,194,120,53,1.72,929.0,18.8,2.7,5,3,19.5,0,1,0,0,0
32,198,146,62,1.1,883.0,28.2,2.1,3,2,37.74,1,0,1,0,0
46,166,146,66,0.75,542.0,28.8,3.5,2,1,33.38,1,0,0,1,0
